author,total_questions,avg_length,emoji_ratio
cackling-eland,51,120.15686274509804,0.35294117647058826
cheerful-mule,54,89.22222222222223,0.12962962962962962
flexible-platypus,91,65.67032967032966,0.10989010989010989
intense-toad,35,189.94285714285715,0.2857142857142857
radiant-coyote,57,97.33333333333333,0.2807017543859649
sudsy-eland,83,52.795180722891565,0.060240963855421686
sudsy-jellyfish,42,170.64285714285714,0.023809523809523808
